file,ext,bytes,width,height,mime,status
https://activetheory.net/assets/meta/favicon-32x32.png,png,856,32,32,image/png,200
https://activetheory.net/assets/data/uil.1780406240914.json,json,223372,,,application/json,200
https://storage.googleapis.com/activetheory-v6.appspot.com/cms/metadata-dev.json,json,4326,,,application/json,200
https://storage.googleapis.com/activetheory-v6.appspot.com/cms/contact-dev.json,json,780,,,application/json,200
https://storage.googleapis.com/activetheory-v6.appspot.com/cms/projects-dev.json,json,215696,,,application/json,200
https://activetheory.net/assets/fonts/NBArchitektStd-Regular.png,png,48941,512,256,image/png,200
https://activetheory.net/assets/images/ui/arrow.png,png,697,179,180,image/png,200
https://activetheory.net/assets/images/pbr/damaged_road_normal.png,png,2082201,1024,1024,image/png,200
https://activetheory.net/assets/images/ui/in.png,png,2886,128,128,image/png,200
https://activetheory.net/assets/images/lab.jpg,jpg,179503,1280,720,image/jpeg,200
https://activetheory.net/assets/fonts/NBArchitektStd-Light.png,png,47672,512,256,image/png,200
https://activetheory.net/assets/images/ui/ig.png,png,5024,128,128,image/png,200
https://activetheory.net/assets/images/ui/star.png,png,790,64,65,image/png,200
https://activetheory.net/assets/fonts/NBArchitektStd-Regular.json,json,13350,,,application/json,200
https://activetheory.net/assets/images/pbr/lut.png,png,16623,256,256,image/png,200
https://activetheory.net/assets/images/_scenelayout/mask.jpg,jpg,1129,4,4,image/jpeg,200
https://activetheory.net/assets/images/ui/at-labrds.jpg,jpg,12913,400,200,image/jpeg,200
https://activetheory.net/assets/images/pbr/damaged_road_basecolor.png,png,203669,512,512,image/png,200
https://activetheory.net/assets/images/pbr/corsica_beach-diffuse-RGBM.png,png,90672,512,256,image/png,200
https://activetheory.net/assets/images/_scenelayout/uv.jpg,jpg,17100,258,258,image/jpeg,200
https://activetheory.net/assets/fonts/NBArchitektStd-Bold.png,png,47901,512,256,image/png,200
https://activetheory.net/assets/images/ui/tw.png,png,4965,128,128,image/png,200
https://activetheory.net/assets/images/ui/globe.png,png,128953,1410,1024,image/png,200
https://activetheory.net/assets/fonts/NBArchitektStd-Bold.json,json,13332,,,application/json,200
https://activetheory.net/assets/images/pbr/corsica_beach-specular-RGBM.png,png,732570,1024,1024,image/png,200
https://activetheory.net/assets/fonts/NBArchitektStd-Light.json,json,13338,,,application/json,200
https://activetheory.net/assets/images/pbr/damaged_road_mro.png,png,233703,512,512,image/png,200
https://activetheory.net/assets/images/pbr/desert_bedrock_normal.png,png,229622,512,512,image/png,200
https://activetheory.net/assets/geometry/work/splines_anim4-SPLINES.json,json,41076,,,application/json,200
https://activetheory.net/assets/images/_scenelayout/empty_mro.ktx2,ktx2,492,4,4,image/ktx2,200
https://activetheory.net/assets/images/work/env1.ktx2,ktx2,21416,1000,564,image/ktx2,200
https://activetheory.net/assets/images/pbr/woodplanks_normal.ktx2,ktx2,39899,512,512,image/ktx2,200
https://activetheory.net/assets/geometry/home/jellyfish.bin,bin,24517,,,application/octet-stream,200
https://activetheory.net/assets/geometry/tree_room/pillars.bin,bin,3278,,,application/octet-stream,200
https://activetheory.net/assets/geometry/logo/AT_logo.bin,bin,15200,,,application/octet-stream,200
https://activetheory.net/assets/geometry/tree_room/walls.bin,bin,7394,,,application/octet-stream,200
https://activetheory.net/assets/geometry/tree_room/rock_L.bin,bin,5004,,,application/octet-stream,200
https://activetheory.net/assets/images/pbr/cracked_ice_basecolor.ktx2,ktx2,51750,512,512,image/ktx2,200
https://activetheory.net/assets/geometry/work/cube.bin,bin,2067,,,application/octet-stream,200
https://activetheory.net/assets/geometry/work/chainlink.bin,bin,5774,,,application/octet-stream,200
https://activetheory.net/assets/geometry/tree_room/cables.bin,bin,87527,,,application/octet-stream,200
https://activetheory.net/assets/images/particle/matcap3.ktx2,ktx2,1951,64,64,image/ktx2,200
https://activetheory.net/assets/geometry/tree_room/mask.bin,bin,1663,,,application/octet-stream,200
https://activetheory.net/assets/geometry/tree_room/rocky_soil.bin,bin,68637,,,application/octet-stream,200
https://activetheory.net/assets/geometry/hexgrid/hexagon_gem.bin,bin,501,,,application/octet-stream,200
https://activetheory.net/assets/geometry/tree_room/sand.bin,bin,6714,,,application/octet-stream,200
https://activetheory.net/assets/geometry/spine/spine.bin,bin,15117,,,application/octet-stream,200
https://activetheory.net/assets/geometry/tree_room/rock_R.bin,bin,12253,,,application/octet-stream,200
https://activetheory.net/assets/geometry/tree_room/structure.bin,bin,145133,,,application/octet-stream,200
https://activetheory.net/assets/images/room/matcap-test.ktx2,ktx2,44610,512,512,image/ktx2,200
https://activetheory.net/assets/geometry/particles/flower_spine-1024.bin,bin,7319229,,,application/octet-stream,200
https://activetheory.net/assets/geometry/particles/forest-1024.bin,bin,3083106,,,application/octet-stream,200
https://activetheory.net/assets/images/tree_room/PILLARS___CyclesBake_COMBINED.ktx2,ktx2,48879,1024,1024,image/ktx2,200
https://activetheory.net/assets/images/tree_room/PILLARS___PBR_Normal.ktx2,ktx2,79488,1024,1024,image/ktx2,200
https://activetheory.net/assets/images/pbr/alien_cracked_2_normal.png,png,251872,512,512,image/png,200
https://activetheory.net/assets/images/tree_room/WALLS_CEILING___CyclesBake_COMBINED.ktx2,ktx2,57497,1024,1024,image/ktx2,200
https://activetheory.net/assets/images/tree_room/CABLES___CyclesBake_COMBINED.ktx2,ktx2,100626,1024,1024,image/ktx2,200
https://activetheory.net/assets/images/_scenelayout/empty_normal.ktx2,ktx2,493,4,4,image/ktx2,200
https://activetheory.net/assets/images/tree_room/WALLS_CEILING___PBR_AT_MRO.ktx2,ktx2,2578,1024,1024,image/ktx2,200
https://activetheory.net/assets/images/tree_room/WALLS_CEILING___PBR_Normal.ktx2,ktx2,32846,1024,1024,image/ktx2,200
https://activetheory.net/assets/images/tree_room/ROCKY_SOIL___PBR_Normal.ktx2,ktx2,174547,1024,1024,image/ktx2,200
https://activetheory.net/assets/images/pbr/damaged_road_normal.jpg,jpg,5952,,,text/html; charset=utf-8,200
https://activetheory.net/assets/images/tree_room/ROCK_L___PBR_AT_MRO.ktx2,ktx2,48823,1024,1024,image/ktx2,200
https://activetheory.net/assets/images/tree_room/PILLARS___PBR_AT_MRO.ktx2,ktx2,67994,1024,1024,image/ktx2,200
https://activetheory.net/assets/images/_scenelayout/black.jpg,jpg,1129,4,4,image/jpeg,200
https://activetheory.net/assets/images/tree_room/waternormals.jpg,jpg,26768,256,256,image/jpeg,200
https://activetheory.net/assets/images/pbr/black.png,png,82,4,4,image/png,200
https://activetheory.net/assets/video/reel-frame.jpg,jpg,115139,1280,720,image/jpeg,200
https://activetheory.net/assets/images/tree_room/ROCK_L___PBR_Normal.ktx2,ktx2,138030,1024,1024,image/ktx2,200
https://activetheory.net/assets/images/tree_room/SAND___PBR_AT_MRO.ktx2,ktx2,19974,1024,1024,image/ktx2,200
https://activetheory.net/assets/images/tree_room/ROCKY_SOIL___CyclesBake_COMBINED.ktx2,ktx2,38157,1024,1024,image/ktx2,200
https://activetheory.net/assets/images/tree_room/CABLES___PBR_AT_MRO.ktx2,ktx2,28218,1024,1024,image/ktx2,200
https://activetheory.net/assets/video/reel.mp4,mp4,18536179,,,video/mp4,206
https://activetheory.net/assets/images/tree_room/ROCK_L___CyclesBake_COMBINED.ktx2,ktx2,27408,1024,1024,image/ktx2,200
https://activetheory.net/assets/images/tree_room/STRUCTURE___CyclesBake_COMBINED.ktx2,ktx2,128224,1024,1024,image/ktx2,200
https://activetheory.net/assets/images/tree_room/STRUCTURE___PBR_AT_MRO.ktx2,ktx2,106212,1024,1024,image/ktx2,200
https://activetheory.net/assets/images/pbr/alien_cracked_2_basecolor.ktx2,ktx2,55172,512,512,image/ktx2,200
https://activetheory.net/assets/images/tree_room/SAND___CyclesBake_COMBINED.ktx2,ktx2,48609,1024,1024,image/ktx2,200
https://activetheory.net/assets/images/pbr/cliffs_MRO.ktx2,ktx2,40978,512,512,image/ktx2,200
https://activetheory.net/assets/images/tree_room/ROCK_R___CyclesBake_COMBINED.ktx2,ktx2,50354,1024,1024,image/ktx2,200
https://activetheory.net/assets/images/tree_room/STRUCTURE___PBR_Normal.ktx2,ktx2,45357,1024,1024,image/ktx2,200
https://activetheory.net/assets/images/tree_room/ROCK_R___PBR_AT_MRO.ktx2,ktx2,44004,1024,1024,image/ktx2,200
https://activetheory.net/assets/images/pbr/jungle_soil_normal.png,png,571380,512,512,image/png,200
https://activetheory.net/assets/images/tree_room/SAND___PBR_Normal.ktx2,ktx2,126734,1024,1024,image/ktx2,200
https://activetheory.net/assets/images/tree_room/CABLES___PBR_Normal.ktx2,ktx2,131543,1024,1024,image/ktx2,200
https://activetheory.net/assets/images/tree_room/ROCK_R___PBR_Normal.ktx2,ktx2,162237,1024,1024,image/ktx2,200
https://activetheory.net/assets/images/tree_room/ROCKY_SOIL___PBR_AT_MRO.ktx2,ktx2,62877,1024,1024,image/ktx2,200
https://storage.googleapis.com/activetheory-v6.appspot.com/media/video.jpg,jpg,31065,1280,720,image/jpeg,200
https://storage.googleapis.com/activetheory-v6.appspot.com/media/ibm.jpg,jpg,11711,401,200,image/jpeg,200
https://storage.googleapis.com/activetheory-v6.appspot.com/media/harrypotter.jpg,jpg,18715,401,200,image/jpeg,200
https://storage.googleapis.com/activetheory-v6.appspot.com/media/the_harmonic_state%20(1080p)%202.jpg,jpg,80876,1920,1080,image/jpeg,200
https://storage.googleapis.com/activetheory-v6.appspot.com/media/prometheus%20(720p).jpg,jpg,40391,1280,720,image/jpeg,200
https://storage.googleapis.com/activetheory-v6.appspot.com/media/EchoCaseStudy.jpg,jpg,34520,1280,720,image/jpeg,200
https://storage.googleapis.com/activetheory-v6.appspot.com/media/google.jpg,jpg,12967,401,200,image/jpeg,200
https://storage.googleapis.com/activetheory-v6.appspot.com/media/sustainable_1_1.jpg,jpg,101035,1280,720,image/jpeg,200
https://storage.googleapis.com/activetheory-v6.appspot.com/media/Discover_Your_Patronus_Case_Study%20(1).jpg,jpg,17631,1280,720,image/jpeg,200
https://storage.googleapis.com/activetheory-v6.appspot.com/media/porter.jpg,jpg,10446,400,200,image/jpeg,200
https://storage.googleapis.com/activetheory-v6.appspot.com/media/secret_sky_2021_recap%20(1080p)_1.jpg,jpg,50316,1280,720,image/jpeg,200
https://storage.googleapis.com/activetheory-v6.appspot.com/media/racer.jpg,jpg,24096,1280,720,image/jpeg,200
https://storage.googleapis.com/activetheory-v6.appspot.com/media/prometheus.jpg,jpg,10641,400,200,image/jpeg,200
https://storage.googleapis.com/activetheory-v6.appspot.com/media/Million_Piece_Mission_1.jpg,jpg,27055,1280,720,image/jpeg,200
https://storage.googleapis.com/activetheory-v6.appspot.com/media/Kandinsky_2000Kbps_720p.jpg,jpg,19016,1280,720,image/jpeg,200
https://storage.googleapis.com/activetheory-v6.appspot.com/media/airforce-1.jpg,jpg,10885,400,200,image/jpeg,200
https://storage.googleapis.com/activetheory-v6.appspot.com/media/wsj.jpg,jpg,11074,401,200,image/jpeg,200
https://storage.googleapis.com/activetheory-v6.appspot.com/media/chile_1.jpg,jpg,32169,1280,720,image/jpeg,200
https://storage.googleapis.com/activetheory-v6.appspot.com/media/xbox_8_1.jpg,jpg,37617,1280,720,image/jpeg,200
https://storage.googleapis.com/activetheory-v6.appspot.com/media/thorne_installation.jpg,jpg,40784,1280,720,image/jpeg,200
https://storage.googleapis.com/activetheory-v6.appspot.com/media/paperplanes_1.jpg,jpg,37199,1280,720,image/jpeg,200
https://storage.googleapis.com/activetheory-v6.appspot.com/media/xbox-1.jpg,jpg,16950,401,200,image/jpeg,200
https://storage.googleapis.com/activetheory-v6.appspot.com/media/adidas.jpg,jpg,13411,400,200,image/jpeg,200
https://storage.googleapis.com/activetheory-v6.appspot.com/media/thorne-1.jpg,jpg,4511,400,200,image/jpeg,200
